{
  "per_class": {
    "background": {
      "precision": 1.0,
      "recall": 1.0,
      "f1": 1.0,
      "support": 48,
      "pr_auc": 1.0
    },
    "card": {
      "precision": 0.75,
      "recall": 0.75,
      "f1": 0.75,
      "support": 4,
      "pr_auc": 0.875
    },
    "corner": {
      "precision": 0.8461538461538461,
      "recall": 1.0,
      "f1": 0.9166666666666666,
      "support": 11,
      "pr_auc": 0.9072838777384231
    },
    "goal": {
      "precision": 1.0,
      "recall": 0.3333333333333333,
      "f1": 0.5,
      "support": 3,
      "pr_auc": 0.5625
    },
    "substitution": {
      "precision": 0.8333333333333334,
      "recall": 0.8333333333333334,
      "f1": 0.8333333333333334,
      "support": 6,
      "pr_auc": 0.8
    }
  },
  "macro_f1": 0.8,
  "n": 72
}