{
  "per_class": {
    "background": {
      "precision": 1.0,
      "recall": 1.0,
      "f1": 1.0,
      "support": 124,
      "pr_auc": 1.0
    },
    "card": {
      "precision": 0.8,
      "recall": 0.6153846153846154,
      "f1": 0.6956521739130435,
      "support": 13,
      "pr_auc": 0.7996419125751604
    },
    "corner": {
      "precision": 0.7878787878787878,
      "recall": 0.9285714285714286,
      "f1": 0.8524590163934426,
      "support": 28,
      "pr_auc": 0.9427721032131703
    },
    "goal": {
      "precision": 1.0,
      "recall": 0.3333333333333333,
      "f1": 0.5,
      "support": 6,
      "pr_auc": 0.673776455026455
    },
    "substitution": {
      "precision": 0.8823529411764706,
      "recall": 1.0,
      "f1": 0.9375,
      "support": 15,
      "pr_auc": 0.9313872619754971
    }
  },
  "macro_f1": 0.7971222380612972,
  "n": 186
}